{
    "admins": {
        "info_regulars_true": "ID в системе: {id}\nНик: @{nick}\nЗарегистрировался {date} в {time}\n\nПерсональные данные!\nФИО: {fio}\nВозраст: {age}\nРекомендации из профориентационного теста: {test}\nСостояние здоровья: {health}",
        "info_regulars_false": "Такого пользователя нет в системе!"
    },
    "users": {
        "start_true": "Вы автоматически были добавлены в систему.",
        "start_false": "Вы уже есть в нашей системе!",
        "info_regulars_true": "💬\nВаш ID в системе: {id}\nВаш ник: @{nick}\nВы зарегистрировались {date} в {time}\n\nПерсональные данные!\nФИО: {fio}\nВозраст: {age}\nРекомендации из профориентационного теста: {test}\nСостояние здоровья: {health}",
        "info_regulars_false": "У нас нет информации о вас!"
    },
    "errors": {
        "global_error": "⚠Произошла какая-то ошибка!\nПопробуйте повторить запрос позднее.",
        "transfer_error": "⚠Мы не смогли получить от вас данные!\nПопробуйте отправить запрос позднее."
    }
}